id,username,email,password
1,fdurnell0,kmccrohon0@usgs.gov,"mP6!)xk#R""V1"
2,hmillier1,nrichens1@earthlink.net,yG0?I~oOz+gX0IX
3,alate2,cdocherty2@theatlantic.com,aQ4{mVpM3n3'h
4,njeannequin3,shodgen3@symantec.com,"dH1|&zx),V`%v(E"
5,ihearnes4,jlipsett4@yale.edu,rI1!Z>K)$
6,dlook5,ckhomishin5@cbc.ca,zL5!GRSxh*ZJ\
7,gmazonowicz6,rrennebach6@yahoo.co.jp,jQ6&9MyI%
8,gmadgwick7,cvivyan7@jugem.jp,yY4&KIl}
9,icoode8,lbachellier8@pen.io,"yH6(w$}F,8M)'!"
10,orodell9,sleadbeater9@weebly.com,jC9`am*k`g!wW
11,mwintringhama,ptolladya@earthlink.net,rW1`OK=_A\T
12,bwimmersb,mdedhamb@yahoo.com,gY6(ZeHFLc!87kqH
13,nsebertc,pkimberleyc@sourceforge.net,tK8'/vH'Z?M!>
14,bkaindld,achinnockd@psu.edu,dI7)H{VDL3DmCC
15,kgorellie,vferedaye@pcworld.com,"yN9.5TAgIa""z&"
16,kshakespearef,rmilnef@yellowbook.com,"wT6&4R""spCv5"
17,ckenealyg,preadheadg@sohu.com,nW6!&J4Shw
18,hvasilevichh,jbalassah@studiopress.com,mA8(GSbDQ4%@dr.B
19,cbeauvaisi,wceeleyi@alexa.com,dP1{78uYqW.ca#0
20,hmarklowj,sparmeterj@studiopress.com,tE3@to}VFOk{FP7
21,mhagstonk,bmacaleesk@edublogs.org,"bE9\+j,HvX0p&y"
22,hsandesonl,rmapsonl@usda.gov,"gY2{mL7cRqWbGd,e"
23,jsommerscalesm,jwhitelockm@cdc.gov,vF5#%y`}t=bWYeIq
24,rroberton,mrohann@people.com.cn,nZ4&BNN+v
25,cwhitechurcho,dswaineo@elegantthemes.com,kQ1?>M#*
26,nberreyp,ggriggp@taobao.com,vI1*IUU3ajJo{
27,msouthouseq,omcdermottrowq@bloomberg.com,fO7%rRZ8M/J
28,sbeebeer,droacher@reuters.com,wF1$/EB>Z
29,jburles,xburnsells@jalbum.net,wZ0/LKBFc
30,gvennyt,gmungant@sogou.com,gV2_N476)
31,gdaviddiu,jtickneru@berkeley.edu,lC1?*rJ=(m
32,eblasingv,rcobleighv@paypal.com,vC2>svk{`N8yW
33,oaickenw,slandsbergw@cnbc.com,vS5\AoR.
34,ewoodingx,jwoollinx@stumbleupon.com,"dI0*,O`HW"
35,cbellworthyy,ttonneseny@diigo.com,jZ3`DP9be.VJW1
36,rdahlborgz,hdabellz@canalblog.com,uB6(Lt1lV
37,igroven10,hcaldwell10@facebook.com,fV7?`hX)q=
38,gould11,aivanishin11@telegraph.co.uk,xQ5$UPP!ev7
39,dkloska12,pvillaret12@meetup.com,xV7'+?\sV1
40,pmaccaughey13,rmathely13@blogspot.com,nY0&uSjAph8xR
41,apashen14,cbeagen14@1und1.de,"zZ2""$/{T="
42,slinkin15,mcatonnet15@scribd.com,"mR9#q=C,viu"
43,cmattinson16,cbertrand16@indiatimes.com,vG2=T'OMIbed7/
44,leisenberg17,pchesterton17@goo.ne.jp,zS8/NG4ll%1
45,kdunstall18,ngautrey18@ezinearticles.com,yZ2\wdCm<yX
46,srodgerson19,mdoggrell19@ezinearticles.com,gY0&d@98hk_b
47,sfrodsam1a,greedshaw1a@skype.com,"xV3$,+Ol&"
48,wheams1b,abech1b@gnu.org,mL7@\{n{HE}
49,ldemangeot1c,nwillingam1c@chron.com,pJ1|Bc#PE(X=#e
50,cmont1d,cstocky1d@apple.com,wU0}WB`=){|<*
51,faps1e,mmatcham1e@economist.com,lN8#58qbZ
52,lverner1f,esanpher1f@studiopress.com,"cK2(@n,z}{*`aq"
53,scowlard1g,jmacgorman1g@google.co.uk,sY6!nlbMg!_*4T`
54,skaming1h,mosmon1h@sohu.com,"rR1{""+WK?0l"
55,eetty1i,gcoombe1i@cnn.com,"wZ6'{jg\8,/uCdI"
56,gleveridge1j,dchomley1j@a8.net,jC6#cgxe$
57,tpeyto1k,mmoar1k@uiuc.edu,rE8{d194nDiYal
58,mreggiani1l,cmerida1l@forbes.com,"zS0,j$!x8kT"
59,bconiff1m,egilfillan1m@ca.gov,hU9%Eu~dHV
60,ftrotter1n,aaronovich1n@wufoo.com,gI9.<<!$
61,ccarratt1o,wchezier1o@indiatimes.com,sG2#x1m`Qq!(|Ww
62,ldecoursey1p,lslaney1p@unesco.org,"uQ2&$Qcd',~{%nV0"
63,gadamson1q,mpedycan1q@pinterest.com,kE3`yTNWQn%S%
64,cisakov1r,cstephens1r@taobao.com,iF0%%11*=3>m6Z
65,clukasen1s,sfosse1s@telegraph.co.uk,gW6*EHVoM%
66,dsuddick1t,wwroth1t@drupal.org,hE8>|\4Zq}e)28u
67,lcanning1u,qwards1u@webs.com,mR9/W$}FMA
68,egilffilland1v,ovickress1v@washington.edu,wA1!{_6ZFf9
69,efinicj1w,kfliege1w@blinklist.com,"bX6,a8$\1K&o<"""
70,mstolli1x,cknoller1x@furl.net,"iY2""ls'1driR*"
71,cbugge1y,ncapaldi1y@slashdot.org,iA2~yoJpR#
72,desberger1z,cdivver1z@sogou.com,bD7@XiCV\J
73,rbeavis20,gpettingill20@goo.gl,hC7+jLYimGnRq.g
74,dwickins21,acolcutt21@nytimes.com,lF1'J=Q4|s2'
75,vvilliers22,ofitt22@hatena.ne.jp,jK9_U.*d.#ppt
76,sastman23,sbridgement23@e-recht24.de,oJ8)L8%mzJNa62'
77,rraubenheimer24,tguesford24@alibaba.com,bH7{%{0q=GI
78,alankham25,hburnhard25@dmoz.org,wG0`|QDC{>fub
79,smaureen26,ctaveriner26@a8.net,mW2=}`D\Nv<+m
80,amorgan27,tcyphus27@nsw.gov.au,xE1@q}k<
81,fshrubshall28,jmountfort28@nsw.gov.au,"gR9=&Td,Q"
82,steal29,dbrosenius29@sogou.com,"vC2&<k&,~"
83,ndouce2a,gsaldler2a@tripod.com,"hN3?l(F~9ew@""s$"
84,lhaselgrove2b,jlightoller2b@rambler.ru,fK6#R_rY{Es
85,bcharpin2c,dhirtzmann2c@over-blog.com,dV2(&z~3
86,fsauvage2d,tdowns2d@ibm.com,aE8~R*OYY/2\'a%
87,imchugh2e,sstolle2e@over-blog.com,vJ9=Js9\w>/h<?<
88,ggerauld2f,hlegrys2f@godaddy.com,fQ5=Snb$
89,abillborough2g,winnot2g@issuu.com,eW1/>.{Of*{8Sx
90,akyme2h,ivenneur2h@furl.net,"rH7$""RC7\ILLodC"
91,ihegdonne2i,mmarshall2i@dot.gov,dX6%l`w6%ZgU
92,hmcboyle2j,ddiloway2j@npr.org,xQ4!|wV!Khh2S~zM
93,alickorish2k,vitzkowicz2k@businesswire.com,vR6`cOY{lKK
94,aonians2l,csides2l@sogou.com,hQ9!Rh8e5VP2/
95,schandler2m,jwardlaw2m@go.com,"tF0&k8cb@h3L,cu"
96,bbamb2n,cbotly2n@virginia.edu,wG2\soga?d(JrhLK
97,ehurtic2o,gboydle2o@amazonaws.com,gU2)Gv.oNwEQ
98,myouell2p,dgruby2p@tripadvisor.com,xV8$2H?>6>V+
99,bvinau2q,ldonkersley2q@php.net,yI0$+>rHlN
100,agamlin2r,wmcclay2r@unicef.org,"mA4=G""/im="
101,kberthe2s,mmustoo2s@berkeley.edu,tP8*+2{\Ql|
102,cfronczak2t,msammonds2t@elegantthemes.com,sV6\m?1(oU_
103,agarrow2u,awillishire2u@va.gov,nG5>8Xvhxsbvx
104,kbohan2v,lwaleran2v@ted.com,lK0%jq}@E1SCtP
105,abrennand2w,gcoverdill2w@tumblr.com,"eF0,KxX(f"
106,aatter2x,escates2x@npr.org,vJ5/lBuB0ELDyHMq
107,rdeftie2y,cmeasom2y@hexun.com,hW8$mW}G/)67
108,bhurich2z,galthorpe2z@columbia.edu,gV3%T?)U1
109,iredpath30,pgwilliam30@free.fr,"sG4,u}r'y|l"
110,bgregr31,kmccane31@mtv.com,"xZ8&""f!m.E5|Lt"
111,nportal32,pwallbridge32@walmart.com,cL4}E@WlK(flc9/Z
112,bwroe33,hjozaitis33@storify.com,eX3&S7<#b18
113,klongshaw34,sgaler34@bandcamp.com,cB6>HSgPr
114,pchanders35,ljorn35@mac.com,gJ3!_Yw1
115,dsondland36,mleborgne36@paypal.com,hM1>}MNh0
116,acordey37,thamal37@drupal.org,tF8+r2n8g
117,feastup38,dpiletic38@barnesandnoble.com,iD1%}sPQCkhS+Y
118,jblanket39,nrochell39@cisco.com,uN8)GvLz16GtKF
119,ddarke3a,gdavinet3a@ezinearticles.com,dY0/Ww#r2h
120,alinacre3b,bmckeevers3b@elegantthemes.com,xP8#(JHt
121,ldoreward3c,cwinsor3c@miibeian.gov.cn,"yC5""9%Wq"
122,bgrundy3d,cduchenne3d@comcast.net,kB0'?pg>Fu8WNq|j
123,lmico3e,abolley3e@cyberchimps.com,qH4{fwSC<{62C9qZ
124,pcornely3f,bgergher3f@github.io,pU4.<fSl*?
125,egirdler3g,mcasolla3g@soup.io,"dK5|,M')o_E$"
126,gmccoy3h,cduddle3h@toplist.cz,eI4}&koq
127,lplampin3i,lstudholme3i@technorati.com,fG7#Ii>m7XmR3p=r
128,lgirkin3j,pgilson3j@nytimes.com,cG0_x~\Xp+
129,qbanbury3k,wellaway3k@harvard.edu,tQ5/<J\$F9&h}Q
130,kglasbey3l,swoolner3l@mayoclinic.com,hS5&em$r5X=f'Xr
131,dmccray3m,gsecombe3m@msu.edu,sT7'BJ&_XhyV=
132,htoothill3n,aartz3n@people.com.cn,wO2|He68
133,abeney3o,djager3o@state.tx.us,zL4>9vBgIcOu
134,wburchett3p,bepinoy3p@photobucket.com,nI8{xcDI9!_@Ezd
135,gloyns3q,acato3q@ocn.ne.jp,sH9%s~i44>f&sE
136,dclowton3r,rwheelton3r@paypal.com,wS7$kJ<d>t'EOyZ
137,vgrigg3s,xkonmann3s@washingtonpost.com,gC6=mF)pNE'}
138,swent3t,mjoselin3t@fc2.com,eQ0+CQ|w
139,cbladge3u,fmynett3u@wiley.com,hI9+qo+vCk
140,opalek3v,dbalchin3v@meetup.com,yV9?R.vp5c53g\n
141,llanphier3w,sfitzsymonds3w@un.org,mE8|Z{mK
142,rjakubovski3x,hbygreaves3x@weather.com,"qO6,(6D58k"
143,srumsby3y,jreekie3y@lycos.com,uN3?ZF%BO.nn(
144,hdurn3z,cvasyunkin3z@sohu.com,rE3#zw95
145,nbroose40,ctoone40@wix.com,aY6>_PC9f_
146,pjennery41,skiraly41@disqus.com,"uV2|6o""gCAfv|"
147,ksales42,gmidner42@feedburner.com,"eE0.LeT2&o.\""7<G"
148,wpoleye43,yhache43@patch.com,hU0)sp7'AI4?
149,obostock44,dflobert44@usgs.gov,jP3?\FI7(08_W
150,jkilleley45,rmilberry45@github.io,tA6`(\uc
151,lmaymand46,peggers46@fda.gov,dP0(Z>n*c`x0rs
152,npendell47,hparade47@about.com,"uG2,Y`T}"
153,eleathley48,ebraznell48@alibaba.com,"mC0),2N=w~Z_"
154,cjohnsson49,bkahler49@time.com,yQ8.ASdX3
155,tbosden4a,afiltness4a@canalblog.com,zL8@W9yuJ)&Rea
156,gdench4b,kborrett4b@aboutads.info,iK2}P@Osy#qi1)b6
157,blivett4c,fstreetley4c@fda.gov,oI6\1F/pIK?
158,malvarado4d,gsnowball4d@sciencedirect.com,zS3.v6nog\r!T<&B
159,kkilgallon4e,wklimczak4e@go.com,mT3*)JO6}O5zV5C\
160,keilhart4f,nlund4f@eepurl.com,"lJ8&~t*F>""{\"
161,cjenne4g,bnayer4g@eventbrite.com,kE5`V&zD<&ru@c
162,leverix4h,mmendonca4h@topsy.com,"kM3*3UWxn"",X~3%}"
163,bstolz4i,cmackaig4i@gov.uk,fB0$\u7}K&kNa
164,tguerrieri4j,lheathfield4j@tamu.edu,uO5`O}OBiZ$
165,rspuner4k,cbagshaw4k@altervista.org,cT4\${=kiE8
166,tstilwell4l,marmstrong4l@ustream.tv,jX7'vQwYOI`
167,ncaine4m,abasterfield4m@cam.ac.uk,eF9|m\*iKtp!
168,dshewon4n,rhatz4n@jiathis.com,cQ6`7R_#h>
169,edavidy4o,fparrin4o@apple.com,"uK0`JJ&y=|Cb{"""
170,aetty4p,kosullivan4p@berkeley.edu,fS7=G.31t
171,djiggle4q,valforde4q@hao123.com,wG0('7VR
172,mdurak4r,gmcdoual4r@odnoklassniki.ru,nI3{Z~oQTv((
173,kluca4s,fditchfield4s@163.com,aF8)*qXh!
174,abalsillie4t,jfoux4t@dailymail.co.uk,iR7@c$1@q9zjBF
175,gghelerdini4u,rbeswick4u@nhs.uk,mJ7=ng?Y
176,dvedmore4v,adehaven4v@ox.ac.uk,bH8)>RBp$c
177,gbrogioni4w,hfraschetti4w@chronoengine.com,"wV2""48H_>"
178,toffin4x,pedgerley4x@theglobeandmail.com,"eI1`|SZ=P(q1dx,)"
179,grockcliffe4y,ggabbetis4y@msn.com,cU4)T!|7
180,vskitt4z,wtallis4z@seesaa.net,"dG3@.""#)5H="
181,danan50,lbradnick50@chronoengine.com,yZ5@|hZ\yCw|
182,iferrea51,rwhyte51@wired.com,qZ3.N6r9\))6r4b
183,jbudnik52,lmctiernan52@i2i.jp,iU9%Q!y@j
184,sarkley53,rkennerknecht53@topsy.com,"gZ7`cssu,p"
185,mrouke54,fshorrock54@vk.com,"lI3\DR4J"""
186,ibarnsdall55,smulqueen55@nsw.gov.au,bH5%v+!3l+qF
187,pbarker56,mfernehough56@example.com,lI9>EcMd/?!
188,mdiem57,nbasek57@constantcontact.com,fL5)9Az$
189,jgianolo58,ubramo58@marketwatch.com,vO9_r5|8{XwHEl
190,wevett59,jshelmardine59@aboutads.info,yR0\nCj0C
191,punsworth5a,lspavins5a@multiply.com,uT4!$!KY3*M
192,odominique5b,jhaslin5b@google.nl,mK1(tR1u6I
193,mpatemore5c,kbeldam5c@globo.com,"jT3_bGFHz&,"
194,alathleiff5d,tsimon5d@wordpress.com,oL1#C@P<+|
195,telsay5e,awann5e@nih.gov,hC5@uG.w
196,zdarragon5f,bpoag5f@tuttocitta.it,oK8'L=*Y>aKa<tB
197,cterzi5g,ljacobi5g@vinaora.com,pC0=KI.EBY>Ci
198,egainfort5h,kfowlds5h@blogs.com,pV8$RvI'4pb1
199,cnutkins5i,kstolze5i@woothemes.com,qK7/M>TR7d4
200,rlinden5j,dmunns5j@fda.gov,fK5%0GuW'1PT|)
201,tvandenhoff5k,ystanning5k@rambler.ru,iY7+@oL#uC~x6c{M
202,pclipson5l,fkohen5l@nationalgeographic.com,"uA9\u=CD,a3,D)I"
203,swankel5m,acleall5m@nhs.uk,nH2%Z>q}
204,asmallpeice5n,cbaake5n@biblegateway.com,zO0*{!RS*D
205,jbillingham5o,jdobrowolski5o@usda.gov,tM4+f%txOy)c*O}.
206,kbickley5p,bassiter5p@oaic.gov.au,"jY6""$u,Zl"
207,afilov5q,porrice5q@privacy.gov.au,sR4_Yw>T
208,cfrancais5r,egraffin5r@google.ru,gV8`tjAX6lRfB3
209,gmaulkin5s,rmusselwhite5s@1688.com,"aY5#y(!Z3""4jqS"
210,bpringell5t,adulwich5t@tuttocitta.it,tW1&A>}+y
211,mcane5u,mstannis5u@yahoo.co.jp,"wD1/SYlU~|>,%u"
212,splunket5v,fregi5v@wsj.com,wI6(A)Ws
213,adaldry5w,joneile5w@dion.ne.jp,oK1>!x$&
214,bastlatt5x,plyokhin5x@springer.com,tJ9_\/?Kz5p6*
215,draeburn5y,evell5y@icio.us,tP3+5FgD+W`/
216,amcfadden5z,rnunns5z@ebay.co.uk,uO7~s0Wkt(~@CnJ}
217,lhampe60,lwolfers60@apache.org,"hD2@F=nar""'C"
218,ajosh61,jesterbrook61@vistaprint.com,cZ5+ZUx&CAYNeN
219,ptomaszewicz62,cgoulter62@blinklist.com,bT9'l8YvD
220,chector63,bminichi63@hubpages.com,nZ2`2+`ND
221,fgrahl64,aderuggiero64@biglobe.ne.jp,cQ7)#)fDE@7
222,crichard65,cnestoruk65@clickbank.net,xW6`=uuWkG}OB
223,fhogsden66,mclackson66@posterous.com,jD7/I.@WrL
224,rglynn67,ldoogood67@google.com.au,tC1%\?t7
225,aspykings68,mmcclaurie68@usatoday.com,iC1/@X70hnv|c
226,wayrs69,cheineken69@sfgate.com,kN4$Z'3CsguFp
227,pdowns6a,sregitz6a@pen.io,vQ1+<hWCN>\5
228,gniche6b,nealam6b@goodreads.com,yP2!'D2~
229,nfransinelli6c,schalfain6c@over-blog.com,wZ6~95ie
230,kchalles6d,grattenbury6d@ebay.co.uk,cZ7>o_tS
231,apeskin6e,mdanilevich6e@desdev.cn,"kH1""6&uv`6"
232,ymagee6f,dcuxson6f@cbc.ca,mK1!E_Gfo
233,ksimionescu6g,nbatrick6g@soup.io,"pY1!o2U,=e0B)0`"
234,jcicchitello6h,lmenelaws6h@disqus.com,"gQ6,!QNY!f)u6"
235,egentzsch6i,cbaiyle6i@domainmarket.com,qM7\O@lG4Rx
236,lfilchakov6j,cgeroldini6j@zdnet.com,rQ5=lawW2uLv=m_w
237,cgoodliff6k,bknibley6k@sciencedirect.com,gR4}3iFoFCB.NBk0
238,vfley6l,btreweek6l@rediff.com,fT5'\!$|
239,mtindall6m,atorns6m@dedecms.com,xQ8.El7CA6
240,dcheney6n,imerry6n@moonfruit.com,"fM0""}T4jOxj5"
241,rworkman6o,lpassingham6o@gravatar.com,uH1/#r'ony1$6'%
242,emilne6p,gfendt6p@yale.edu,iW6(`M3lZ|)6zL
243,lscotchforth6q,amalpas6q@over-blog.com,"sD0!,wmW(I4JX,S"
244,dilymanov6r,rrizzone6r@cnbc.com,pU5&gCr{Bp{s)Vr#
245,civakhnov6s,dbruyett6s@soundcloud.com,sP3@U`$9hlB
246,crattrie6t,cmcelvogue6t@baidu.com,hP6}mJ<SZG
247,ikyttor6u,jcraster6u@google.com.au,xX3>i.<n$
248,bbohje6v,uhuitt6v@ow.ly,tN8%Gbtk?>)g
249,cpreon6w,jwilley6w@miibeian.gov.cn,"jO3>~c,A/SDqCE`X"
250,dcraigg6x,mlinder6x@harvard.edu,"aK1'8M1=ysy=Pp,z"
251,csconce6y,gcoleborn6y@dailymotion.com,yU5+S.vQ~
252,cgwillym6z,doutridge6z@sitemeter.com,"fL4%,MbW%ZY9(8r\"
253,ddanett70,epermain70@answers.com,kD3`yD|8
254,wsowte71,csevers71@cisco.com,"xK3,ZY)@Dpjf"
255,wgallahar72,hjeger72@techcrunch.com,"zU0|>h`s""n'%<"
256,owarcup73,ldumbrall73@goo.gl,qK4%24{?@
257,bcuvley74,tdymond74@about.com,"fZ4+,T3ggM,+y"""
258,mroxbee75,zmatei75@ft.com,"vU3#rs!m,e"
259,cmarking76,apalk76@hud.gov,"uG1@Jd\TIz1@"""""
260,sbumby77,ddavis77@diigo.com,lN7`zN9WSPwTQx'
261,sstegers78,hbertlin78@youtube.com,oB4=a.377K$NWb
262,rleonarde79,rflade79@dell.com,"mF5<$l9&?P'aj""i*"
263,ccarverhill7a,bdoby7a@booking.com,qP7@QDs6
264,jsiddall7b,scolquhoun7b@theatlantic.com,dC0~SsnK
265,owinning7c,vhaldene7c@constantcontact.com,"jS7~n""nv7Z"
266,irouth7d,aidenden7d@earthlink.net,bR9|74>7>l#(
267,llambole7e,xmaclleese7e@wordpress.com,"iU9"")4{R"
268,mhorlick7f,ibenzing7f@washingtonpost.com,oG5?KWz.2?f
269,gchaloner7g,adoleman7g@creativecommons.org,xI7'!0@Q?G#
270,mfoddy7h,amullenger7h@mapquest.com,wG5%_1rs$
271,jsuddaby7i,mbanghe7i@google.nl,dT9#ycV8Fc
272,mdovidian7j,jlatta7j@sphinn.com,"hB9!Kc8`""Y"
273,efeaver7k,adavsley7k@mapquest.com,mW6>Gh'f
274,fseagrave7l,wdoddridge7l@squarespace.com,uG2!88qdqY{z/ECa
275,jhartnell7m,sfridlington7m@mapy.cz,yY1$ea|`.
276,byarnley7n,rbleything7n@twitpic.com,pP1`HjF~?<(YGU8I
277,ahaddinton7o,jalliott7o@go.com,vK8.0zei
278,sbatalini7p,cwaison7p@woothemes.com,rL4_2efMh
279,llomasny7q,mchavey7q@chicagotribune.com,hD5(1%TJ#@s
280,lscougal7r,gtemprell7r@jigsy.com,kR5{E3fEw
281,zgilling7s,calvaro7s@tinyurl.com,oF0+85n.42y|
282,bfenelon7t,vcahalan7t@bloglines.com,"gT8|""zg298"
283,hambrodi7u,igarmon7u@mapquest.com,bQ4}B)5LxO
284,lgontier7v,mpourveer7v@yahoo.com,vK5!'V8|4B`W1d
285,lcruxton7w,dropkes7w@comsenz.com,eF2%=Z=x
286,wbrager7x,eguerrier7x@netscape.com,"oC2,p|4,d"
287,mwandrey7y,bcamplen7y@bloomberg.com,pN0+_tbtU
288,lbraban7z,pgoadsby7z@smugmug.com,"mB8,`<4P=&T4IBj"
289,mpoles80,dberger80@amazon.co.jp,qQ3~#gI?<%4
290,kheavy81,tstrang81@github.io,tM9}(fdeU!~W|
291,gwetherby82,rmerdew82@google.fr,xY4(C+wo8
292,estoney83,bferraro83@arizona.edu,sF8|37KSNZ|r
293,ccuming84,mmcvitie84@lulu.com,nN3=!mJ}7n2|BNk}
294,hgrigori85,eprendeguest85@omniture.com,hC0(X<LNU\&Oa@1&
295,bferenczy86,mringe86@jugem.jp,bO2`'zioS'
296,gbarbier87,jgirardoni87@51.la,kO1.tC)O
297,ggullberg88,lbaddow88@newsvine.com,dL8&!H3|
298,nive89,cbockett89@fc2.com,kO0{/nN|=h*Dh
299,gmarlow8a,jlowles8a@blog.com,pS7\(esQ
300,bhaydn8b,vlancaster8b@stanford.edu,wQ5}mg6E0xX9ul'y
301,lbowld8c,gbust8c@wiley.com,"dD1,oF(?"
302,lcarmichael8d,castall8d@jiathis.com,"nZ3@o""BtJa~\qD"
303,mschole8e,cheis8e@blinklist.com,"pT6'zOMg*ZA7""e,"
304,ceasby8f,onormant8f@nationalgeographic.com,fZ8!%c#+_!
305,astoakley8g,plowres8g@mozilla.org,dO2<POrPm2N#QSm
306,icuttler8h,branscombe8h@ucsd.edu,aM3!k_?f#OIn
307,jkairns8i,nwainwright8i@cisco.com,dO1@Y%>rv%e$
308,bmalham8j,hroads8j@tmall.com,tJ5+Mp7_0EY~Kaqc
309,mcast8k,rspurgin8k@livejournal.com,qZ2=#jVu)T
310,wwennam8l,mmeade8l@liveinternet.ru,mJ3~mf2NXd#&
311,gblackler8m,cdougan8m@usatoday.com,"bZ4\7ba""TZ+Ax|Bp"
312,iacaster8n,amorena8n@upenn.edu,rW3}r(`+eq{e
313,fnolleth8o,idelavaletteparisot8o@odnoklassniki.ru,"kJ3}fy5,cPaNT""Y~"
314,cbrandli8p,smeasom8p@123-reg.co.uk,"jU4,<z(p32|IRD"
315,ggullick8q,rgerrietz8q@godaddy.com,bQ3@Kv2u
316,cleishman8r,ccrottagh8r@berkeley.edu,rI6+UJvx(
317,hsimmonite8s,rskeete8s@google.co.jp,"dS6'u{,X#S"
318,ncurner8t,dlivsey8t@yahoo.co.jp,kN5(@)|}M+
319,rattawell8u,kbuddock8u@desdev.cn,cZ9>_$rLuad
320,kkynaston8v,acamus8v@sakura.ne.jp,iG7_d*rbXA|pPn
321,pcherrington8w,fpetrakov8w@bloglovin.com,gN1*)pFq''
322,hbreeds8x,sgrainge8x@upenn.edu,"lG6,=B+1IHxx+SsI"
323,adanzelman8y,nforty8y@blinklist.com,"pY4,%L_I""NMQ+E&"""
324,lcairns8z,mesberger8z@disqus.com,hW4}}5~Jq
325,ldelaprelle90,plewer90@wunderground.com,fY0>?VND
326,dpoad91,gkillingsworth91@g.co,"kN9*hnci{>CvP=,"
327,kmaken92,hschroder92@washingtonpost.com,"iA7=zq$|$auY+,*"
328,hpetrello93,opeacher93@nationalgeographic.com,eG2%tE+tmf}E1Vh
329,sdodimead94,mcastel94@xinhuanet.com,lA6=S(V8iQB&hA
330,epaton95,lborge95@wikispaces.com,pF8?p>alzI7+
331,loboy96,cgorden96@gizmodo.com,fO0<GcA)i>?sm
332,jbinestead97,ahruska97@reverbnation.com,iR0%mlPC
333,asuttell98,mlillford98@bandcamp.com,"vK1(4nu},Q43<IF'"
334,fbradd99,mscarlan99@jimdo.com,jL5=z3)CW
335,ftenby9a,nbaudins9a@jugem.jp,"uX3""QKD8$b"
336,mdulton9b,mkores9b@surveymonkey.com,jJ8%>eMJDI
337,emcalinion9c,vdeller9c@rediff.com,nR1\wh8p
338,iedwins9d,moakwood9d@themeforest.net,gE7*|ICi/ar
339,lbrayshaw9e,mfeast9e@livejournal.com,yT7&PWz<ZXq\aqV
340,avale9f,bfaye9f@networksolutions.com,dA0(cFyZ\k33dF{
341,sdehm9g,eromand9g@state.gov,oA9{KQ\k+i
342,eworlidge9h,blanceter9h@jugem.jp,"fI6_S)NkY)3>,.K"
343,amillican9i,sphorsby9i@reddit.com,fH7>1cf>Ao9&6
344,ccranmer9j,qmaccleay9j@deviantart.com,lS9(je`sD
345,nginnane9k,dtolerton9k@intel.com,gH9~5qWYya3r
346,jstandell9l,hcromley9l@skyrock.com,oW2>8O=$1&EcO!ej
347,djessett9m,mbubbins9m@mozilla.com,"kL2,D*&t""/C"
348,rbevans9n,bclewlow9n@parallels.com,aR9.hso{P_?VfR0
349,llyenyng9o,bmatschke9o@blogspot.com,wF7=qF8U}i&x{)R
350,mberford9p,pyeskin9p@linkedin.com,"vD2"")&!/"
351,ewasling9q,kspieght9q@comsenz.com,"yO5/{4=GF_#A""|$c"
352,ddalyiel9r,vchatelet9r@microsoft.com,"kD1""/#A&\7a&p8<"
353,bdjekic9s,awaters9s@people.com.cn,mA2#pPDg/uI%BhiC
354,atibb9t,sruffli9t@cmu.edu,cH4*uZdGTs
355,phierro9u,pcastaner9u@apple.com,sR3}q5lLkzC
356,sabercrombie9v,lkirtland9v@dedecms.com,"tG6""3?A0@Ei@"
357,rgilogly9w,rarnke9w@rakuten.co.jp,uG7@?u|_nrP{}uF@
358,growson9x,eopy9x@eventbrite.com,lD5`EUN03+EFpL
359,ghocking9y,cmcgaugey9y@upenn.edu,lQ9?`If\=r7F
360,blivsey9z,ddewitt9z@cdc.gov,eD3+A@dii?0
361,khornunga0,sbaldwina0@hud.gov,tP0@tm9g4<
362,mmandala1,fdebretta1@joomla.org,wF5_%|`P#UaV!l6
363,tebbina2,lkrauzea2@narod.ru,rC9$OKK7!$@C=
364,feathornea3,bgallawaya3@webnode.com,xS2+PEW`a<(zST
365,asimonsena4,jrenaka4@google.pl,"tL0.}Pa\""4qu_B"
366,gstockera5,dbrotherheeda5@dell.com,nM9{0Lp(dc
367,akopmana6,kjouannya6@ft.com,"lO4',#8*n3Gc{yo"
368,abighama7,cfesslera7@scientificamerican.com,sP3`PBBFhvdm
369,bcomleya8,mtethcotea8@skype.com,"uR7&>,1cx&3*HLw"
370,tkorba9,mdradeya9@bandcamp.com,nO0_52TX&!E=
371,ggrigoliisaa,dgouninaa@princeton.edu,eT5{iY56
372,dputtenab,lgorthyab@ucla.edu,bN1!D\qgAe9
373,kiannuzzelliac,gkrysztofiakac@1688.com,hP5/IDD&/ox|ds\b
374,hneesamad,eparadinad@cloudflare.com,wM2|IeDg7dzADc}
375,eravenscroftae,rbarkae@flickr.com,"mS7{PU,k6G1p>Zv%"
376,mhasardaf,gresideaf@paginegialle.it,xS1+em<JJ
377,bharriesag,sgallihaulkag@sphinn.com,"wH0,dn9sSJ"
378,mschmuhlah,rkezarah@usda.gov,iQ2|r0/$
379,fsquibbesai,cmattiazziai@bizjournals.com,wA6*`*S67erQq@G
380,ckilianaj,lredferneaj@theguardian.com,nK0*#h%VayFf
381,gknillak,lbissellak@gov.uk,oW2>8B$F
382,aviscoal,jroggersal@ovh.net,yR7_i'$Cb'))
383,hchalleneram,mcarslakeam@google.ca,sS5/iIiTKD`N
384,icardenozaan,tleathesan@mapy.cz,"lH0+3y.r~V98*K"""
385,rboneao,mlewsamao@illinois.edu,"tA1}94&,/tFZ2,"
386,gghiraldiap,emacelroyap@forbes.com,fY0(J=@eyX9a
387,dagneauaq,gdurnfordaq@ucoz.com,"iS4.i_eMs""meDdW"
388,rpuckringar,kferrantar@ed.gov,bG3)6!b@VVKK
389,mgleaveas,iheveyas@hud.gov,yS0+c~fI+59bDi
390,jcardenasat,aillingat@opensource.org,gI8~LgyB6H\TJb.1
391,gheinsenau,botyau@mapquest.com,uB0$|\H@
392,ibarterav,rgreenmanav@pen.io,xF0=hof1Q
393,ikempstoneaw,acrampsyaw@w3.org,tZ9)ZKkm+\
394,btevlinax,ncorlettax@gravatar.com,vG1\6|atKIbf
395,thatliffay,nsaltmanay@hubpages.com,"lT3\/B*#6R,yy4#="
396,apattleaz,sinkinaz@yandex.ru,zW4<<KMi+B
397,pchealesb0,hwennamb0@tmall.com,mA1+30Id
398,ctorelb1,edenormanvilleb1@springer.com,hW2|'.sp56<y
399,ogouldstrawb2,lquareb2@businessweek.com,hG9|UE/t$Q|F
400,wheasleyb3,corrahb3@taobao.com,wF1!7SV#
401,ivillaretb4,htomankiewiczb4@twitter.com,"dE2*kcGo,v""KW"
402,dcallearb5,sborrettb5@usda.gov,pN7.)#Z)l(3dupX
403,rparkb6,hpemberb6@archive.org,eZ8$}6Y#8n7GMU{h
404,fdecleyneb7,aalbenb7@networksolutions.com,aK8|~<lt{`c
405,awoollandb8,tmikob8@omniture.com,lV2~fVJTilM2/1\x
406,gpoundesfordb9,ttibblesb9@ezinearticles.com,mX5#6v`uDIJU\I
407,dcroneba,tgoranovba@vinaora.com,jX9#hXX|UkcQh
408,omundellbb,kobispobb@tinypic.com,sR2=Ff|!!2IW
409,nvandevliesbc,jmanthabc@chron.com,"fK6\Si<""gd}6y"
410,ritzkovicibd,cbeamsbd@ebay.co.uk,iS9_/YQ6B$hh.#X
411,glearoidbe,mrenacbe@cmu.edu,xB1/\1ECO|KUcPa5
412,jmccollbf,nfiggenbf@xrea.com,dT4<qaD$>AdOp
413,eseefusbg,bbrashierbg@istockphoto.com,eC5!{R*H
414,abahlbh,ipaxfordebh@tamu.edu,zY3_gp)}G
415,ddallimarebi,vfulunbi@mediafire.com,gJ7%XPbp0_a#PR)W
416,ucullbj,cpascallbj@live.com,uY1}>dbs7qRJ}
417,lskokoebk,jcastaignetbk@dailymotion.com,jC7}4gu&.xj
418,mbencebl,fglawsopbl@gravatar.com,"gX4?H""fb$Iy"
419,sgianasibm,mchaveybm@cyberchimps.com,xM3?S<S%S
420,dwhysallbn,jdanielssonbn@nsw.gov.au,pO7$rG4!d62r&}x
421,ebishellbo,latrillbo@foxnews.com,"eE3=+S3O""`"
422,gmackinbp,oborambp@bandcamp.com,nS0%uWBwLIl<X
423,cmacdermidbq,cbuckmasterbq@webmd.com,xE2`JTGL
424,swormanbr,fshelmardinebr@wufoo.com,hE6|Zxis2
425,gmunfordbs,marminbs@typepad.com,xH7)iUcI$
426,njeannessonbt,mmacconnelbt@cbsnews.com,hF4!!*flm{
427,jcollingebu,alimpennybu@godaddy.com,rP4)@jM0qML+{N
428,cmckellenbv,gemerbv@abc.net.au,aH2@QK_UhRM*!
429,csentbw,fhuyhtonbw@ft.com,dT4?hS8W@
430,sfoybx,hdurobx@ftc.gov,fS0'h@M&a9(!n`)K
431,bangrickby,cclearieby@illinois.edu,"nM7""?fy*O="
432,cbreartybz,chekkertbz@moonfruit.com,kC0|9Q0G\T/
433,kchantlerc0,wcottrillc0@hao123.com,"fT4""&@!xS#"
434,cmatfinc1,cleblancc1@discuz.net,bB0!L#E7`MA_|8
435,mastillc2,wgodspeedec2@facebook.com,kW4|iuF!AT)KL&
436,nsheldrakec3,sdavidovec3@seattletimes.com,rX0{J)|LYjU>
437,dtweedlec4,jkennac4@ucla.edu,"uJ1""oH\Y"
438,croullierc5,lbourdasc5@xing.com,dY4>$*TetEb~|A
439,swrittlec6,fkornesc6@jugem.jp,tS4+#vng
440,lsimonouc7,sgrishakovc7@ucoz.ru,jI1#j&8a
441,vblayc8,sbaudaccic8@craigslist.org,"gH3,QJ%Tam/LV$)"
442,rsueterc9,elarventc9@goodreads.com,vL5~WUvEmNxgC
443,rkilbeeca,cferraica@1und1.de,tB9~I>frK
444,rkivitscb,faskemcb@wp.com,sT3%ms~@
445,mthorpecc,spurlecc@bigcartel.com,uL2`InQ&k
446,rsegercd,oraratycd@mapquest.com,fR1*N#Y2<ON
447,lchristiensence,tmcgillegholece@linkedin.com,"oJ6$6zR,4U?b<.$}"
448,vglasscottcf,nhaackcf@cmu.edu,jP4.#Al0r!w=
449,amcmeekingcg,mclariscg@cpanel.net,cY9'w1f\V/
450,pwisech,kembletonch@huffingtonpost.com,lP4#+FbBQi
451,hmacaleeseci,dminichici@msn.com,iK2$69tJ
452,janearcj,gimlockcj@reference.com,mR3&rv!fb)L|+iq
453,sschwandermannck,ftippellck@businesswire.com,"hB0!C=eA3S=q6""""o"
454,criglercl,tarlingcl@cnbc.com,uK5+KXl&
455,sbertotcm,fbollandcm@godaddy.com,"sG6,IT""+QncwDq#"
456,pcheesmancn,amilamcn@blogspot.com,nB2#?C?j9Vz}l)lH
457,ifitzalanco,slelievreco@stanford.edu,bM2&pfj\!
458,ifardocp,stonsleycp@biblegateway.com,uZ2`rJCw
459,pstickneycq,hlaberncq@behance.net,tY9_{KJ2>F.Q_b=i
460,thuffeycr,ablesingcr@squarespace.com,bE2'ob<K|>o|<
461,eaguirrezabalacs,rvoelkercs@squidoo.com,jQ2|?2<6<)p)
462,stillerct,knorhenyct@amazon.com,gH3=YzeNn
463,cscotchmercu,yvonnassaucu@arizona.edu,fL1+zwR7Rt
464,fballingcv,ascatchercv@smugmug.com,"kK3<(G<#,)uFB54M"
465,adwanecw,thandescw@cnbc.com,aG1?*Z.aLfWe
466,crouchcx,efidgeoncx@ucla.edu,sH3>wA}oxt##h*
467,lloadsmancy,cmarinicy@wikimedia.org,bJ5({*YD6gl8X
468,dbeloecz,dbynertcz@163.com,lL0)erWb&Wjq`
469,mjendricked0,awillinghamd0@moonfruit.com,gB8_~Z)H
470,hciottoid1,wtofftsd1@1und1.de,fQ1}z|4sUzGPz`
471,idunkd2,sbonifasd2@java.com,lD2_>F&)K
472,cnapolid3,modyvoyd3@lycos.com,nC4*~KnhoSe~2P
473,ckaliszd4,cheavyd4@jugem.jp,dN9=\7fX
474,dgavriellyd5,sfilgated5@amazonaws.com,qV8=9+a{So01S%T
475,mgraingerd6,ehourahand6@etsy.com,"yO2#.Wcb}Mo'&"""
476,kglennyd7,eewebankd7@chron.com,eR9?xhdE'
477,csinnottd8,nlawesd8@nymag.com,"aL1+,xX""bZchTuV"
478,yriegerd9,bhoulahand9@fastcompany.com,fZ6+y|Uhoh4#FVp
479,derrattda,abrinkworthda@furl.net,rD8<YlI)cNpBac$
480,pmclardiedb,ofarebrotherdb@nbcnews.com,nE3|_&V{
481,dwyrilldc,tjanczykdc@addtoany.com,"jK5|,fmj"
482,ckirbydd,skinanedd@mozilla.org,wF8<8MQu{D
483,efrankcomde,wmurrhauptde@globo.com,rP7?)<kmR<?.A
484,eflecknoedf,mwoollonsdf@infoseek.co.jp,kD2~q+%=K
485,pingerithdg,gabbadodg@techcrunch.com,"sQ2@@D=N2,>!E1~{"
486,jmcneighdh,bleggedh@shutterfly.com,uR9|V\BDwq
487,mtollowdi,tkingscotedi@washington.edu,tD5_*66z/LPjRrBn
488,cdunkersleydj,sandrickdj@gizmodo.com,hU0!3aOj06
489,ekleimtdk,jlongdk@furl.net,"mS5,(5('*W"
490,gitskovitzdl,akulldl@ameblo.jp,"nX4(,=d3J%M"
491,ehalburtondm,cgurneydm@bizjournals.com,yF9{ZIY>sq/
492,lcayettedn,smakeydn@weibo.com,gA5}rwJV%y@7dmi
493,ecastellinido,apinckneydo@who.int,uP9>mGIxD_I
494,rcruickshanksdp,mgennerichdp@tripod.com,xY7_oGG@6i2En?r
495,sreuvendq,sparsanddq@unblog.fr,cL4*L+S%QH
496,avearsdr,yhammerdr@indiatimes.com,iX4\BA$'M$%NB
497,ltoomeyds,nmorgands@jigsy.com,"hK5}ocnHoI""lK<z"
498,kkellettdt,maustinsdt@furl.net,yF6%6pb1iEc>EoFz
499,mitzakdu,bwinslowdu@meetup.com,yW7(C)4}i'!=n!mz
500,jkornyakovdv,ekorpolakdv@tripadvisor.com,gG6$LOCb{K~Ks|rG
501,aduckfielddw,vcadremandw@hibu.com,mE1|L|1m_*8bj(~
502,cdomesdaydx,mwittmandx@google.co.jp,eS7+'IJ%c
503,odaverendy,wmarcdy@ucoz.com,"dD7!2,2T0jlaiqCA"
504,esalerydz,mduggondz@google.it,vJ5<v6/x
505,mmeffane0,jquadlinge0@ca.gov,wH1!maBDJSo>R
506,lkingsleye1,dsparsholte1@cpanel.net,pM4(@(`{}z}
507,llacrouxe2,nbauntone2@tumblr.com,"yA0=,n1+)@v<D"
508,iraffe3,hheidene3@gov.uk,bM6\K%g3/&oRm\D
509,kbeebeee4,mfrickeye4@samsung.com,"iD0""QevkY9J*""JHK"
510,amalee5,mkaemenae5@wordpress.org,bM7`nJy%jy&@I#.
511,smcquadee6,reldone6@npr.org,kT5%sh\dr
512,aedlingtone7,clatheye7@chicagotribune.com,pA0{YgU32`=P>+h
513,cmacgraithe8,csandale8@scribd.com,cZ9.DBV>+R
514,qhowardgatere9,ehamlyne9@mapquest.com,fQ8)9U.r(Ecx5%3
515,pgrunbaumea,mdionisiea@chron.com,lM4/A4z%
516,kcannavaneb,sgwatkinseb@reuters.com,"yQ9~5@,+yNc"""
517,dafieldec,dabadec@amazon.co.jp,yF1%M=6O+A8l5T\
518,hveazeyed,mhawkened@dagondesign.com,"jY0/p""P)"
519,awaddilowee,jgoselingee@pinterest.com,gH5$\VLTjLy$
520,pbaildonef,vagassef@facebook.com,"gH9,AXOq>}6I"
521,gdillistoneg,bcurleyeg@wix.com,xB2'<)1(47
522,rerroleh,mmccardeh@fda.gov,tD2=3v%WXa&g
523,askadeei,cguppeyei@timesonline.co.uk,mW4.FV2~0P<P\YR
524,mmantej,aboyatej@hatena.ne.jp,yM9~3r5EG
525,hdrinkelek,psidawayek@netvibes.com,yK7'_WAk
526,ejiruel,ptabaryel@123-reg.co.uk,"dQ7""w?!T"
527,tgatcliffem,kattleeem@accuweather.com,bR2/3p{v
528,dscottsen,jprysen@netlog.com,"tR3,2/oimAs"
529,bpindareo,lmallowseo@scientificamerican.com,bA2&|Z>\F
530,cwaghorneep,rblenkinep@microsoft.com,gF6|XMZ$m
531,bcroxleyeq,mhaliburneq@goodreads.com,fR7)~L&/P
532,rwoolgarer,fsibrayer@microsoft.com,tE5`ZU@kU
533,rdiklees,dmassotes@edublogs.org,tL6*1_t%T@2
534,grobbekeet,dbarnsdaleet@imgur.com,nO7%g?M_
535,kgamesoneu,ddimitriadeseu@so-net.ne.jp,rH7/NkiAj`H
536,smacmasterev,sdeangelisev@theatlantic.com,tR7>ulj/)N*7i~
537,bturmallew,cchippew@surveymonkey.com,vS4/A'!l5U2.x
538,lfitzsimonsex,rlocksex@godaddy.com,iA8/Bd5n5Gb1c>j
539,bgolleyey,hlammerichey@ehow.com,wD9=nm<eYx1%
540,cbertheez,bflandersez@psu.edu,qK1}S+JWn*sw$r/
541,hyggof0,edwyerf0@biblegateway.com,oL9>REh<O9Q@_AQ
542,ygiorgeschif1,pricioppof1@constantcontact.com,aJ3@K#y\V
543,bcoshamf2,hkopsf2@spiegel.de,yZ2{|rcnVHsf*/a{
544,mcathelf3,smeneof3@mail.ru,"cX8\e,kJfZR"
545,acasinif4,nhackingef4@msu.edu,sD0=/s<0E?P.r#U2
546,zhapsf5,cgreggsf5@salon.com,rG9)ZhT=zX0aT
547,tcharlof6,tbattersf6@state.tx.us,lN9{pXL/WN<dN>S
548,hgoginf7,zmarkwellf7@domainmarket.com,"jV6""lXxI88A"
549,abackef8,eridingsf8@alibaba.com,oQ2$>~Ct#5YgP4b%
550,mstanilandf9,cdybellf9@statcounter.com,eS4%cTkF@lIqU
551,pkurtonfa,olythgoefa@pinterest.com,wQ3*cYY/K~d+.
552,jgiamittifb,awoodgerfb@biglobe.ne.jp,"wC8""+p,_+F?"
553,nelacoatefc,ibastenfc@sina.com.cn,"tY8&~Ne"">F"
554,csteanefd,ieckeryfd@technorati.com,sH2'Sgykh${V\
555,rduranfe,csuthernsfe@usgs.gov,rJ9)!1U<@rx{sBK1
556,vknivettff,okiraff@nasa.gov,"yW4+Pl4)=,"
557,tgrimstonfg,tlerefg@eventbrite.com,zE7%gc'(*bi
558,dmccallfh,rgoanefh@businessweek.com,bO6'/N4_(6GSKsj9
559,rlangmeadfi,kbortolfi@blinklist.com,"zK5/~N,m\2n"
560,thawneyfj,cvasilyevfj@narod.ru,"pQ3#Blbv'j_'og,"
561,cdunningfk,msportonfk@blogtalkradio.com,rH3(0tPK4<VH
562,lranyfl,rgostagefl@xing.com,"aE3.\""9Vb{Y?"
563,lbrookhousefm,achisnellfm@drupal.org,"bH7}0`qLn5),U/"
564,wmattonfn,selcockfn@house.gov,cT6}$R*1
565,uteodorskifo,nnewingfo@hibu.com,eH6?6wr9ji3\\O5
566,rhudspethfp,nbartalinifp@businessweek.com,oB4{.V<+nWiE
567,mbedenfq,acushionfq@home.pl,bK4}o3cx_skr.%
568,eguisefr,gdequesnefr@usnews.com,kS7<.mk_|
569,bruddockfs,bmeusfs@sohu.com,bY7|uRQq
570,mugolinift,cblanchetft@prlog.org,rQ8@2vm%7/
571,tscreachfu,jmathisonfu@indiegogo.com,gM0|u\y97Yv&95>
572,rgeindrefv,tsennerfv@cornell.edu,kT0<ht3$f$&Kj7y
573,hkirkhousefw,hmalyonfw@list-manage.com,fZ4**qh1F
574,ecausnettfx,splesterfx@ucoz.ru,wO2%8#%EUM
575,soxenburyfy,rringsellfy@abc.net.au,vG7=h!0Qx/Y
576,ccracefz,hamortfz@globo.com,"wQ9,c=5=L"
577,sbahdeg0,eferrymang0@php.net,"qO7,a`(\4RM"
578,dpemberg1,bheavyg1@people.com.cn,"iM8""d{>%"
579,apillansg2,pmatusiakg2@barnesandnoble.com,tV4`pQ>73Uz
580,fyukhnevg3,afullyloveg3@chronoengine.com,"xU7""k!3T"
581,emockfordg4,pandrzejg4@51.la,eZ2.F\16Pa60f<#q
582,ocomminsg5,mschierschg5@g.co,bQ8{t05H~G#PM
583,arosierg6,bgirckeg6@discovery.com,hH0#BaW)n1
584,palbrechtg7,kbeadnellg7@cocolog-nifty.com,"kL5+mUGJi>,7*Fd"
585,mcatterillg8,gcavang8@sina.com.cn,gM5=%G5$l1OKEUAv
586,gpawlettg9,hpounderg9@ucoz.ru,nB6`\M5Ec.
587,kcuttingsga,vlawerencega@utexas.edu,"vQ0}.T""HTMxU'"
588,lharewoodgb,kodonegangb@mapy.cz,bX0!4NGSJB9
589,jmarielgc,aucceligc@eepurl.com,"lR0'0`s>44V+1js,"
590,fscoinesgd,lwrightamgd@yellowbook.com,"iW9""$zXv"
591,aaxtonnege,lcameranage@google.it,wM2!q/`Y}cV'II\
592,rlimminggf,kbyardgf@scribd.com,vA2)uo6J*
593,bblumsongg,jhedditehgg@ca.gov,aQ4'vwo8TZ
594,kdiblinggh,lshermangh@marketwatch.com,sG8%vxo$
595,nquantgi,cnaulgi@creativecommons.org,fW6!wnAZME7FY6S
596,fgavegj,fwooddissegj@vk.com,"oD1""wBlK&K_&"
597,cbrackgk,dbartrumgk@ovh.net,wJ6=r<tbB
598,gtunnickgl,msodorygl@mac.com,zI1*CXeWi`
599,kaveriesgm,rheadfordgm@angelfire.com,pI0.Y+f?I&
600,bevelyngn,alamlingn@china.com.cn,qW3%9&l#
601,aberzongo,ccanlingo@aboutads.info,nK1+B\2j0$E5\U$
602,cfewingsgp,tgriggsgp@ocn.ne.jp,"cF9,Mv/t*"
603,cstappardgq,gdicksongq@infoseek.co.jp,eS8+tUR$a4vnc|p
604,ncastanyergr,aramelgr@discuz.net,nG7&}d5{wj(z6V1
605,xkainegs,gskippengs@nationalgeographic.com,uA1=.fWH&Ud&.D
606,fgorsgt,dtrevnagt@yelp.com,"lX2,jV_@6%vO/%I"
607,vhoylesgu,etallowgu@craigslist.org,"aP7|""'SO+"
608,sgeeraertgv,ratkynsgv@posterous.com,dS4*Qv'KS=byRv|
609,jjohnstongw,rbalsdonegw@sina.com.cn,zL0)>'S\U
610,ldalbeygx,rmcclurggx@live.com,sH0*8vOs|2c$~t
611,ttilberrygy,dharveygy@canalblog.com,tY2+mBj@k
612,garntzengz,cwhieldongz@yale.edu,yO7?#tVLx
613,pmcilwaineh0,bandrosikh0@weebly.com,hM7&WRar`d0Qb?
614,voflahertyh1,wridgeh1@google.fr,"pX0$i""l|K1"
615,bedelmannh2,aparysownah2@army.mil,iS2=1/nZFcg\D\H
616,jbrognoth3,tcohrsh3@hatena.ne.jp,zZ4\zekCar_
617,colyuninh4,ktongh4@spiegel.de,bZ6~I'FvJ`N0n'm
618,klehrerh5,bdownsh5@springer.com,xY2<\LD()><yl}
619,escafeh6,gbeswickh6@shareasale.com,"sE7'kwKqVN"""
620,kdorowh7,igradyh7@yellowbook.com,"bN3*,J6Us"""
621,kartzh8,wsaladinoh8@google.co.uk,rW5%7N=5K!Z
622,dcrumh9,bminnish9@mapy.cz,rE4+vY}u
623,cirwinha,rpawlickha@admin.ch,mS2>095egfn*TfVi
624,kthicketthb,cpurtellhb@dagondesign.com,"xO6.DQZp""P(7g"
625,thatchmanhc,estadenhc@arstechnica.com,tO2|KFEw#
626,cknaggshd,govendalehd@networksolutions.com,cN6|&&$Xz
627,tlemanuhe,adachhe@pbs.org,iD3.NW78QXqYij3
628,nshowthf,manchorhf@homestead.com,uV4=BXHCJsKz4S
629,kblaxleyhg,elarderothg@a8.net,tT5/(z/T?l&CASc
630,gscotchmorhh,nrastrickhh@washington.edu,"pJ7,Qc+KM"
631,pgehrickehi,dmaunderhi@hc360.com,mK8>?/1J<Yp
632,udickingshj,mnorcrosshj@mapy.cz,zO9\\6Kzia
633,ccattachhk,gnorleyhk@usgs.gov,cE7/|V>b
634,kpalliserhl,lgandrichhl@phpbb.com,wJ2<.\LS0$Y
635,lhinschehm,jquinhm@smugmug.com,nT9(FFV1x+Q!
636,ckiddyhn,zguichardhn@gizmodo.com,uR4/r3wHtt?Z
637,tfleggho,mgoldingho@google.nl,"eP1@o8A,Vdym"
638,bbernardottihp,bdulantyhp@tripadvisor.com,nY4/lKexVb(A
639,wgadiehq,tholsallhq@imageshack.us,dS8>NX0ys!\*!
640,fwolfendenhr,lmoffethr@shutterfly.com,sB9't(Y!2J.9
641,gshoutths,adurdyhs@soup.io,fW6}{UTetSP1g8
642,cbremondht,kbeevensht@cyberchimps.com,cQ2=EsrT2Cg*
643,vardleyhu,csprosonhu@ftc.gov,dV1+B1UUAc
644,fbrizellhv,lfinneyhv@stumbleupon.com,"tH9*`Sx8M!,""8J"
645,rlindseyhw,apresserhw@bbc.co.uk,"fU8,~""5)_"
646,vredfernehx,revasonhx@joomla.org,"sU4_wu6>"">HJor2t"
647,lfeedhamhy,gplueshy@friendfeed.com,"zG0_6=""Ie>p.)+4"
648,mstoakleyhz,mwoolatthz@ameblo.jp,nA3}%4BQHQ0
649,aouldi0,ghedgeleyi0@google.pl,zE1)(?=|IO
650,ncoarei1,vradbornei1@mysql.com,uG7#{C1wE9iXfm
651,abisphami2,ghassoni2@redcross.org,yC8{X=LIMpvyGRt
652,jpammenti3,akunerti3@utexas.edu,rF5|NBxb
653,mbellami4,gnipperi4@craigslist.org,"wF3""5`FT+EOwo"
654,alarreti5,achallinori5@friendfeed.com,"wQ8~lExHBp,j"
655,hmasedoni6,rblanshardi6@forbes.com,"oR4,3P0>yg8E_D"
656,gvittorei7,mabbatinii7@altervista.org,bQ9_WDD%bSWe
657,iboateri8,jclaeskensi8@economist.com,"xG7}Aj1,UWXPIy"
658,pmasselini9,sveltmani9@scribd.com,wI4`{?_nj%91
659,npietroniia,dmckinlayia@buzzfeed.com,iE8'BaL4KX}!'/A
660,bfeversib,efransewichib@mediafire.com,jA8#W{#9
661,cbeddonic,ljarretteic@shareasale.com,"cP2""J>>sNqh}"
662,vritelliid,mcommuzzoid@oaic.gov.au,"iU0=U7IG*,SQ}N"
663,struluckie,mmansonie@privacy.gov.au,sW0~S}SOaJ5~
664,cdellitif,ecolleckif@cbc.ca,"hW5'0~""b!Y$/"
665,ljiroutkaig,splaceig@google.co.jp,nV1=<}@W1~
666,bfladeih,brentelllih@unicef.org,hW5>%AfRAAg{PP'
667,jkermanii,adeasonii@uiuc.edu,bT3>7q8LeiZ9~
668,ebeereij,blottringtonij@si.edu,"lG0{O+S""jPlm2X"
669,sbradmanik,wfildeik@epa.gov,"eM3.DPQ,="
670,lshinefieldil,tgodneyil@mozilla.org,sA0)$4?6}<mX{0Vn
671,myendallim,lgaulerim@home.pl,rP9/z14Dy_
672,varlottin,jlubbockin@joomla.org,uJ1/}Qk_Oy@T\/&r
673,lmetzigio,lcroweio@yellowbook.com,rP4}<'iTpaC'EnNK
674,tellsonip,kdukesip@aol.com,"lP6(,,V&,"
675,ahaynesiq,aquinceyiq@businessweek.com,cP8$B}m6CNop
676,tmeenanir,jklimkovichir@51.la,lD6}HRHuKf8bb`>2
677,sroakeis,epagelis@fastcompany.com,vT5~o{B0R5#ng2qR
678,agullit,kcumesit@archive.org,qP3*U9YU`C6Vc!
679,ddjakoviciu,rhillaniu@telegraph.co.uk,wE3#XEsE)hFJ
680,agirardiniv,lmeynelliv@elpais.com,"mX5#""MT/Hbf"
681,mduiguidiw,jwattinsiw@si.edu,eF0~}.xd/4P%@h2
682,wcheeversix,fpenhallix@1und1.de,"bC8""J.fy`i"
683,atomleyiy,elawdeniy@senate.gov,lM1#!HVFv9
684,mthomlinsoniz,cbarthroppiz@nydailynews.com,cK6\n.}6)YH&k
685,holivettij0,sfarendenj0@whitehouse.gov,nD7!P0*xy
686,pginnalyj1,obramwellj1@barnesandnoble.com,yQ5*UhMU
687,vpackmanj2,zduckerj2@ustream.tv,uW5=KYV*3az&2)v_
688,haspinalj3,achasmorj3@whitehouse.gov,"vC8*A=i9la`,U"
689,jblackmanj4,jchesleyj4@shutterfly.com,bS0\<?zha#
690,cdoagj5,jscantleberryj5@list-manage.com,zC0$yvgUQ
691,hjakawayj6,tstrassj6@rakuten.co.jp,"eA5\gcN9),"
692,ajayesj7,fboamej7@rakuten.co.jp,zL2)r<hs7FvDd
693,ckirtonj8,pdashkovj8@linkedin.com,qK7~OV8$srTs3Y
694,dhullj9,arubroej9@altervista.org,rN1\yv?G?'F
695,ecorsonja,hmathelyja@symantec.com,vG1}4#!j7$!8t+@
696,gsnellmanjb,eclerkjb@microsoft.com,dK6~J.KW\W%Rc=va
697,rdeattajc,unilesjc@google.co.jp,"zF3{,H|."
698,etrottjd,ahallardjd@delicious.com,aZ1/tT)V4KbpO
699,cfluckje,tscollickje@domainmarket.com,"oA7\Hy1,ts"
700,aarmandjf,hsneadjf@shinystat.com,"zO2!q9o`""<.d1Ak"
701,aswaynejg,rhowsamjg@google.com.br,nW9&SV%?YZ
702,ystrewtherjh,mrameljh@devhub.com,dC9#dO&I
703,kpeachmentji,rgodfrayji@acquirethisname.com,lE9%+msdQBw7+i_?
704,eheinsenjj,bolooneyjj@networkadvertising.org,"lY2,$~q(Y"
705,cgrimestonejk,jmartschkejk@apple.com,bN9!_(8u.h6
706,adooneyjl,galtoftsjl@google.es,fQ6'=Aa1pty
707,alamdenjm,clancasterjm@clickbank.net,"rH8*j""rtNL"
708,sbellenyjn,amorrelljn@cam.ac.uk,dZ2?pp3C}~Wt)
709,hjagelsjo,ftroyjo@google.com.hk,"cX3_k=GEAvUA_~,"
710,cbrownfieldjp,cshadboltjp@engadget.com,sG4#JxlZPJbf`m(z
711,aloveredgejq,sgrigoronijq@ustream.tv,hQ1&lF%Eu7Z
712,atebbutjr,ulosemannjr@europa.eu,"mA1|`&(""SJ"
713,bsevinjs,caspinaljs@ifeng.com,"hK0)hVFO,A"
714,aodomjt,kfranklandjt@nyu.edu,vC7&A_xg|fE>#
715,hcaslettju,blagaduju@a8.net,vC6>!$$|(7
716,bpailjv,rcallinghamjv@japanpost.jp,dH0<8vJY&%
717,mjellisjw,ajaanjw@japanpost.jp,qP3}w{Z7
718,amattackjx,cdarrigoejx@webnode.com,pN3!y$Wf\Ht9
719,lkettjy,glehrianjy@fastcompany.com,aP9<p*(uphBMgF9
720,arennoldsjz,dhogbenjz@yandex.ru,"qN4""_!Y~"
721,dhatchardk0,tglask0@webeden.co.uk,"dY0,~u0EXnZrl="
722,feakek1,tcapenerk1@youku.com,"eS3'xLvQ,K=Hp`_"
723,bnolotk2,cscarek2@tinyurl.com,hS1?2`<uclb3J1
724,btettersellk3,ccastellsk3@hubpages.com,yM0`b8`ms+zl3V4
725,vtuckwellk4,ssalatinok4@imdb.com,tE7#fkN%F
726,bshepleyk5,gbloxsomk5@fastcompany.com,uX7~Q%aVqHS
727,dalenikovk6,mshureyk6@google.ru,"wE5.M'P""$R@h7|X7"
728,jklosgesk7,canchork7@gnu.org,mZ1+7Vv4b.iD
729,cdancerk8,lcolletek8@naver.com,"tD6""k_!FZx,"
730,chousecroftk9,mgrigsk9@g.co,tB1|GJKpe*vRD
731,keaveska,ttregentka@flickr.com,cP0_)p2jwIl4
732,lrobertazzikb,kmcfetrichkb@fda.gov,tP3'xf4%7x
733,jhedinghamkc,driggollkc@apache.org,jR9@w}vc_1{4Xzr
734,kpigromekd,tteresakd@mit.edu,jZ6%dq~1*4
735,wscroobyke,agyeneske@ted.com,wR5<H\jA
736,pjordansonkf,dgeorgeoukf@nationalgeographic.com,tJ7*t?+OUrg.t
737,edriscollkg,cbaverstockkg@cmu.edu,oE2$F6JsC0!ee+9!
738,sgarnulkh,dbroekkh@hugedomains.com,lW2_SLLU{!1
739,wmeadki,dsherebrookeki@netscape.com,"yX2%z""IN{Kg$j"
740,yculpenkj,rtitmusskj@mac.com,"eR7""3Jt7ge%.oM8"
741,dbawleskk,gmacnallykk@spotify.com,dV7'0x5=|
742,dissacoffkl,kgouldingkl@123-reg.co.uk,kI7!!=sZn
743,broufkm,gblenkensopkm@latimes.com,mX3=}(K4lT{#d+
744,sgravenellkn,kwardkn@europa.eu,rB5'%6+LTti<>
745,dmackaigko,ibaybuttko@timesonline.co.uk,mM6|{LQL{5
746,jmillierkp,hmcculleykp@japanpost.jp,nU4'F}G8thVT+}
747,fbattellekq,osissotkq@disqus.com,"kU9!SAn*""""eNWG"
748,lbartlomiejkr,nfinnimorekr@npr.org,"uL3.,'5jJ"
749,tmationks,tgillinghamsks@technorati.com,"pB9_|,uOS=/7k&{"
750,dlongmuirkt,dgrundellkt@samsung.com,nC9.KnK8=O%J!W?v
751,jarchboldku,jlehrmannku@wunderground.com,yS3'y+nG2%+qec(K
752,cslowankv,dcardillokv@kickstarter.com,"cH0,#E\C"
753,jsouthcombekw,mbustinkw@uiuc.edu,"eZ9}""@lbJAiM"
754,avalentakx,vtemplemankx@wp.com,uO0!~7Z<8#tT9#J
755,ipinneyky,lroostanky@cbc.ca,dC8>C2`*`DEv
756,rstitkz,lrudwellkz@elegantthemes.com,"mU9,%n.Dg{to+"
757,npyburnl0,atraslerl0@blogtalkradio.com,lN5.K+Hz
758,bweightl1,jmckeneyl1@nymag.com,eU9}z6WW/doY(WU
759,scharnleyl2,mcattonl2@home.pl,"rD4""=7ig{FU9<i"
760,lbulfitl3,flaguerrel3@slashdot.org,bK9+/@S*
761,nbonnl4,khankeyl4@princeton.edu,cB6%i?v5qnr00%O
762,cmcgaffeyl5,eschniederl5@google.pl,zC9?wc*.+gy5Qu{8
763,atoulchl6,awaggl6@marketwatch.com,sH9`Vw~6h9@
764,hploverl7,mbuggl7@github.com,zQ0'ywpIR.&&A=iZ
765,acomazzol8,tfuzzeyl8@sohu.com,cD6\dFbkX4cw<
766,sdabinettl9,sgallahuel9@ftc.gov,tO8>}7.Ps6S
767,csimaola,wbohlerla@dropbox.com,yD6=b6KEsC#Xgv
768,lseamarklb,fwallworklb@economist.com,hZ8}n|M\N7\BEi
769,mszymczyklc,dstuddallc@fotki.com,hC9.>B6N
770,mthorbyld,hfaldold@eepurl.com,"vP0,X<_}rvs~R"
771,lwickenle,dfaloonle@shareasale.com,aD5?vb5=X
772,cstuddeardlf,lmerrilllf@amazon.com,cB6.{S*_!QkJ
773,dbanbricklg,tpeealesslg@addthis.com,iV7%5m~4xC{NENh
774,crobblh,lcastagnelh@house.gov,oK0<2bahc?_.
775,ephelipli,gblomefieldli@desdev.cn,gX6&k.ja
776,rcowelylj,cvaanlj@themeforest.net,eR1>@K2D
777,lmunseylk,telmhurstlk@thetimes.co.uk,vP4'q(NU$9F
778,kkenefordll,rfetherstonll@histats.com,pS9\51I#qy=~+|m#
779,cspornerlm,bgirallm@weather.com,wZ6~M'{<c3
780,bdinapoliln,esimsonln@sphinn.com,mC9\ImfqVyz
781,mgeikielo,fbateslo@netlog.com,zG4}HMV{C5R>
782,jochterlonylp,hhandasidelp@issuu.com,"jR5{sD""&`,>`'IKr"
783,jsquelchlq,mhaslucklq@taobao.com,jJ9!krFY%=Hk
784,rrobisonlr,jsharphouselr@homestead.com,lV4|&fLiCt<Z
785,clanchberyls,polenikovls@ning.com,bQ0!6@R(@&z
786,rthoresbylt,tbeszantlt@rediff.com,dH9&Z!rhd>QF
787,cfaithfulllu,mchalcotlu@t.co,fT7.*8MptM!8g$
788,speeverlv,bbailylv@adobe.com,"dJ2)Gao6)4{Q$,'"
789,fhubbacklw,vdonaghylw@virginia.edu,aA9$rn<}7!~q0R(
790,cyansonslx,nhutsbylx@trellian.com,wY1=CP@Pw&h
791,rlevicountly,mhaslinly@yellowpages.com,gE1`nKU}iUbFSqp{
792,mluckcucklz,splaschkelz@bluehost.com,uB7)d%4*bqs4/fK
793,fturbaynem0,ffraneym0@umich.edu,"eK4#<{,Rm46I|"
794,akleynermansm1,lvandalem1@sina.com.cn,cD9.!'SG1Ezc
795,adriscollm2,gmettetalm2@php.net,jK2&9WFnCfAy
796,vsulmanm3,emccomiskeym3@slideshare.net,cR2_!Ph95
797,xhiggenm4,bwilshinm4@list-manage.com,xR5'3!*+>LHTkI
798,adanielczykm5,kbolusm5@1und1.de,aF2?q_8LV7pS
799,kcarasm6,dhalbardm6@alibaba.com,sG8>HFir0ZMKs
800,wpatnellim7,ctreffreym7@who.int,bU2!<JxgSR
801,eperrottetm8,jdunsterm8@nydailynews.com,vE4.t#oZ?l
802,fdunkleem9,kasburym9@mashable.com,"oQ4>,1)@2<c"
803,cgersamma,cwiggintonma@macromedia.com,"gC6}4%Umh#e,"
804,slievesleymb,ybrilonmb@mozilla.com,dR6=Fg'f6_
805,jguillotonmc,lesslemontmc@dedecms.com,sV7%uZ|477c
806,czollnermd,bbrokenbrowmd@tiny.cc,"gC4|jvGg,"
807,jadameme,ynovotneme@discuz.net,"fE0""*Dy#B!"
808,jizzardmf,astanawaymf@cpanel.net,jH7|.o)i_@3!oN
809,dglabachmg,gfulepmg@china.com.cn,lZ7<M9S|
810,mleidlmh,ajosefsenmh@vimeo.com,uH6#crg_
811,gcantomi,pmcginnymi@g.co,xK0<)DLv.
812,dmongermj,rcootsmj@arizona.edu,"sE1\O@h""8U6M"
813,lhennermk,mbrissendenmk@51.la,kC3!>e|j0SX28(
814,mlydallml,aferonml@1und1.de,"aQ2'|,Lq6#}v2"
815,kespinosamm,ebearfootmm@spotify.com,"dN4,ZRE&atn,yrIf"
816,akitchinermn,eprimomn@opera.com,uB3*++%&x~p
817,bjotchammo,cmcilvaneymo@opera.com,"aU8_hM@iG|WgS,rk"
818,fbenglemp,erawlinmp@timesonline.co.uk,rM9@gndA{#'#lP
819,jximenezmq,rgoliglymq@webeden.co.uk,oB1>gyA2Es%JU
820,gsievewrightmr,abernsmr@themeforest.net,pO0/`#?B+w8X
821,ebroughtonms,asuarezms@feedburner.com,gQ0.|ky16A
822,ahalcromt,smatthiesenmt@constantcontact.com,fR6=T.LUB
823,amortelmu,dbrendekemu@netvibes.com,rT0=)c4m
824,hyeardleymv,scuolahanmv@flickr.com,eQ3*#\j*Ok
825,ahorsteadmw,kgerniermw@canalblog.com,rC0>i`@~p692
826,mchandermx,nbenboughmx@mediafire.com,"eC5,NDlqW"
827,vconcannonmy,rtrebymy@foxnews.com,bL0`)+!*2YxqI
828,rdaverinmz,rfawdriemz@gizmodo.com,oG0\r{dJaGgOkN
829,avardien0,cristen0@ow.ly,tO5!f5tDbk7yWh
830,wstatonn1,cshimonyn1@nymag.com,"kJ5!`T,`?"
831,cwytchardn2,gpoulglaisn2@nymag.com,gE0(tQ5|lw
832,jocridigann3,zpentelown3@forbes.com,wU2/!xfk1`.+Y
833,bbridewelln4,mlamblen4@cloudflare.com,gW2`oO5f3)sU@d.L
834,zmenhenittn5,ocuzenn5@nature.com,tV4~'!GfHn
835,fleggonn6,bbirdenn6@google.fr,wQ1}#G<vKte=xN
836,kwhitneyn7,rcommuccin7@paginegialle.it,vM3\WO>~_/>l%m
837,gmcdyern8,bguerriern8@gmpg.org,bM1`*!n5L*!g
838,etrasslern9,hmcpeetersn9@myspace.com,fJ0#|S4Gnp
839,mjimpsonna,srihosekna@webeden.co.uk,lL6~g7Da\ulO)oLB
840,wjankonb,hbrodeaunb@ucla.edu,tM7)%Ef<k<GIT?m
841,tfolgernc,cjelliconc@weather.com,"dG6&e2J"""
842,ekrooknd,gsteennd@simplemachines.org,sC3.Y{C5sh9zNf
843,rmagranene,dtarrantne@whitehouse.gov,fT6\pr'Lo)B
844,ebaribalnf,mmarjotnf@google.ca,"tP5?$`v""aMk/"
845,vdalgetyng,banthonang@biblegateway.com,vQ0+wYE=&1eAPpjd
846,sdelmontenh,rdrohannh@over-blog.com,lR2\lwQxm@
847,rhathwoodni,cburnardni@nytimes.com,"xI5=w@QH5*_rr,#Z"
848,dbloorenj,thubbertnj@techcrunch.com,vR7$wgcg!+Bn~e
849,lmalimnk,oarnholdtnk@nifty.com,"bD0,56`#QOJr4Wko"
850,awyernl,rpagramnl@rambler.ru,eD9?z1rW
851,gjuraseknm,lbanvillenm@behance.net,cP2'xYa~/PCI1='
852,mcarnegienn,wcaslettnn@w3.org,zN2@xR)qBN
853,kcalterano,rnormansellno@yellowbook.com,uQ7(bF.PI/yo
854,adickmannp,rfairhamnp@patch.com,bJ4.u&fn5KS+0q
855,tbenchernq,mtraslernq@army.mil,pO5$=7T!}&
856,sallendernr,carchiboldnr@sohu.com,yL5\$Z8>8IgFc
857,eburreens,mwinspurrns@tinyurl.com,aD1}>@uFum&vKe
858,abullionnt,rbearnent@simplemachines.org,mZ2#KziU.&_Nv
859,rcorintonnu,rjewersnu@wikimedia.org,"lE7<v/V.i,vEr"
860,cmccormicknv,ilobellnv@yahoo.co.jp,"jE9@M0A""x'fU"
861,lleworthynw,nhinkleynw@prweb.com,"zO9`wZ""fM"
862,vettelsnx,lferrettininx@phoca.cz,kC2|AH9cvD$<Z
863,cmiddellny,bpepisny@omniture.com,nM6?T0csT)7j
864,lsergisonnz,ewelberrynz@yellowbook.com,hJ8=7D\td|7%`Z
865,fleydono0,bdewerko0@hhs.gov,dN2/RB8rjb`g
866,eordo1,blarmano1@cnbc.com,yG9+6Tss?(B6vc
867,dmulliso2,kbetono2@sphinn.com,aE4+eerx88&%UY<b
868,progano3,lcurromo3@cnn.com,jW1'LNy_\n.PJ2
869,rprimetto4,zgreenano4@feedburner.com,zJ8!z/8@c
870,elakelando5,lcroisdallo5@1und1.de,tE4*v&Rp~
871,jraeo6,kdugmoreo6@nsw.gov.au,rA4/nCnC<#4mD=
872,qbenardeauo7,spriddyo7@g.co,"pC8>Gcl.dq,q*?~Z"
873,cwelbourno8,hbellio8@apache.org,qK4`'u.poSDM`fS
874,fwishero9,fgoodwinso9@google.co.jp,bT2{ZWD/=~
875,biskowoa,araecroftoa@stanford.edu,dI3(_)v)cS%
876,eeldenob,bstorerob@howstuffworks.com,yB6\g4=pr}5s
877,mwelchmanoc,glimerickoc@toplist.cz,rM7?v/0D}6DTl4
878,agranhamod,jmaccomiskeyod@twitpic.com,zP3'.aEn6D
879,sierlandoe,hmaevelaoe@amazon.com,qK4#8+xrAKKI<
880,lbykof,kbinesof@spotify.com,cF9/pjYt
881,cvannoniog,klowethog@cmu.edu,hO1&zvYM<~m.>foy
882,tdallinoh,gbaggeoh@cbsnews.com,"tS6(,kS#KrvRe"
883,tvitleroi,mdickoi@home.pl,mL9('p)`?r
884,ccasseldineoj,hnolotoj@youku.com,gG4?dt&Sb>PC8B?d
885,nabdyok,adorkensok@weebly.com,"cZ5,P\h%$9,n"
886,idenleyol,oeckhol@pinterest.com,xH0|.%o3QS
887,mwindlessom,tshuterom@deliciousdays.com,bG4/'hpu0N}ga7{b
888,mipsleyon,mbeadleson@paginegialle.it,lR2$(y}7xT6VNSz9
889,aeageroo,eantonomoliioo@webeden.co.uk,bK8#Xdk.9#7
890,eohoeyop,dmatyasop@sohu.com,zT6)H.UF!%dRaAyk
891,estaveoq,lfretwelloq@shutterfly.com,aF2/0uO{#!AM
892,uduboseor,mjammetor@webmd.com,xM8!TMkGSi3S((.
893,eblazebyos,rachurchos@wisc.edu,"wH8!jWZ""g>$6GYM"
894,ethrushot,erestieauxot@cafepress.com,xS5=`45f6<
895,cgarnsworthou,nlawrinsonou@desdev.cn,iW2@J5qm
896,ldericutov,dmondayov@nymag.com,nR0/e2Nxt'HSm*ec
897,hbrasonow,icaldecourtow@last.fm,yX1|bcVr&+{ndj
898,gcorstorphineox,vhimpsonox@engadget.com,qN5!v$9h9T~Mr33P
899,rbeatoy,pdebischopoy@about.me,yU2!zp=opa$T{
900,skardosstoweoz,hkittlessoz@dyndns.org,mZ2(%drx
901,cfrankesp0,ppynep0@dailymail.co.uk,zP3#xs<`
902,lupstonp1,sfeldonp1@tinypic.com,dJ3=&}1179+%6(y
903,jpleyp2,tchampkinsp2@psu.edu,"zD3>0""|G3Qg!rS|"
904,nfillanp3,tkremerp3@foxnews.com,zU0$Rn`V+
905,dkennermannp4,mrufflesp4@businesswire.com,"hH3*&,Ml%W"
906,rhandrikp5,ghebblewhitep5@sina.com.cn,dA1@cS*'6o
907,dpoleykettp6,hendonp6@reverbnation.com,aE8#JW(Al
908,fmorseyp7,rpriorp7@forbes.com,jF5=LKO`oc&O<U
909,tgamettp8,fgrebertp8@meetup.com,jO0_W'+JmL
910,rgiacopinip9,fscowenp9@blogger.com,aN6'L85*ZAPx>
911,hsylvesterpa,alaffranconipa@psu.edu,"oG4,%PxYvK"
912,gwinscombpb,emottleypb@ucoz.ru,bE0'Y#AI\(b.IBZ
913,ksutlieffpc,jstedmondpc@ehow.com,gH3_n6sO@?
914,tbattellepd,kmardlinpd@toplist.cz,"jW5,mr<l2T"
915,tbuchepe,jzimmermeisterpe@i2i.jp,vR1{uv_<x
916,kkennewellpf,olippipf@1688.com,qM4`69znfp1up<YK
917,rrattraypg,akonkepg@nyu.edu,qG3\<u.Zna`2A
918,nbaksterph,stortph@over-blog.com,qN8#K4xu8`
919,cgothliffpi,ebultitudepi@deliciousdays.com,kU9|1KG9xmo&%{G
920,rstawellpj,dtruesdalepj@blogspot.com,cA3!Y5`~w.WQ
921,askeechpk,gmcdaidpk@newyorker.com,"cT4""ct+JEGD.='"
922,ctownpl,abecerrapl@cmu.edu,zM0$2gYjE~sPy5
923,sadelmanpm,mbrasspm@nbcnews.com,vV5$$BUOKko&c*g@
924,lgiacoppopn,snittopn@icio.us,bG9!(OA>SQ4
925,sguerinpo,erodrigopo@blogtalkradio.com,zU7#jeO*v#b
926,upedronpp,lcorstanpp@chicagotribune.com,qP5!cz*@Pt5)d
927,hmillardpq,adouberdaypq@netvibes.com,aV9&Y'+/RsI{
928,rjopepr,wisleppr@goo.gl,eW0>l!v5W'MaGgT
929,shousemanps,lmacfaddenps@miitbeian.gov.cn,xW8&*$j$Z
930,ncrispinpt,kmactavishpt@alexa.com,zQ2!k.H!}W.H}}g
931,xprenepu,lanstypu@tuttocitta.it,gR1&a=e38e{NuO
932,dgaveltonepv,cforrestorpv@tiny.cc,hF5+L).I)@`<
933,ocammiemilepw,rnaseypw@bloomberg.com,pT4$.FiX$b<xwJR*
934,sdickpx,rbarliepx@hibu.com,xV0*Whhg
935,tcrichtenpy,bshepardpy@printfriendly.com,tR4<Dza(W9|&*R
936,ltyrrellpz,icolwillpz@mayoclinic.com,mJ1>J+nH7U)C
937,ltheuffq0,sdallemoreq0@jiathis.com,oN0<syNkw_DvmF+
938,abindleyq1,nroebyq1@zdnet.com,qC4`)p@$1&$u~U
939,rfaireyq2,jabbeq2@skype.com,kX9\yG(`mg4{o}Y
940,asimkinq3,mterbeekq3@dagondesign.com,"xT4.C""5y"
941,jhulbertq4,bsparkwellq4@hubpages.com,"xU4`/RD""A.g*R@"
942,gswepsonq5,etoorq5@eepurl.com,kX4>Xp/6_~k
943,bhuntallq6,ahanscomq6@columbia.edu,vH5&`a'f}bY#r7_z
944,cnorthcoteq7,isaintpierreq7@businessweek.com,rJ4\k=CUwcpQ3
945,amingardq8,ttibaltq8@blogs.com,aS6$Rn/FW
946,nhardstaffq9,ccohanq9@123-reg.co.uk,kE1*C4VtXTI%b@d+
947,mbernardoqa,rswensonqa@ihg.com,jL0}7{JOe
948,rkilgallonqb,pmurdochqb@bbb.org,"xA7""+zw,YF"
949,svarvellqc,gbeiderbeckeqc@photobucket.com,dJ2`GzxbVib%
950,fsimonotqd,cmacnockaterqd@tmall.com,hB7)2hIxkb
951,aguinanqe,larnoutqe@e-recht24.de,eW4{Ut{dlqZPt
952,alismoreqf,tcrowthqf@hp.com,nF1`T2Y6/
953,friedelqg,cturfusqg@about.me,iI1`1\9HHB
954,nvarvaraqh,mhyettqh@deviantart.com,aG8(o'0<U
955,bkaveqi,ryosevitzqi@squarespace.com,"qG6,D2/m&q"
956,hfarloweqj,zgrimmeqj@1688.com,"mW3*',KtRK"
957,jpaslowqk,wziemeckiqk@reverbnation.com,fO0+FOrZg
958,nfogtql,bbluntql@theglobeandmail.com,nO6#hED.
959,cbethuneqm,ymaccorleyqm@state.gov,eQ6$Qlek//)&m
960,bmacdowallqn,hrassmannqn@buzzfeed.com,"aI8+nIdz,53"
961,flampittqo,jgotchqo@live.com,kP8%B'1v}5
962,bfarguharqp,rmolesworthqp@nasa.gov,jL0@xDI|}M9
963,dchaterqq,anorthcottqq@quantcast.com,cY4+{ns8<}r0*
964,aleybandqr,lstrasseqr@wufoo.com,tB7{r~m0c=
965,salbinsonqs,geakleyqs@mozilla.org,uD0~G+mWo<W2)K?.
966,kbatchelarqt,edimmickqt@usa.gov,zV7@9FPKg5quTu
967,naickinqu,mmcpaikqu@howstuffworks.com,kE2+#{yB
968,vcurdsqv,jpurtellqv@bluehost.com,eQ1?_ykH
969,dmacgovernqw,tmckuneqw@usgs.gov,"hZ4""+YY6n*Fv(0y4"
970,fnassieqx,bhuricheqx@prlog.org,uR6@Y}zEK1W$vj\?
971,dbraamqy,thaynesfordqy@wikipedia.org,sF7>v)'ntBmOF
972,astanlickqz,lneelyqz@businesswire.com,bM0=)t6?jx1UIC
973,ghefferanr0,mgronauerr0@studiopress.com,"hB5{,tQg'3"
974,saldwickr1,mthomsonr1@sfgate.com,wJ3?.BXxp/gf
975,bcoverdaler2,tmacgiollapheadairr2@eepurl.com,sH0.'m+v_a
976,icroxtonr3,nwakerr3@gov.uk,jF6/)#t#`vL`s59
977,jaldwinckler4,rcorneyr4@wiley.com,xK4{%0q3_/s(X
978,eprovisr5,skohenr5@squarespace.com,"bZ6)7((=,HS~y>9"
979,charomer6,mchaimr6@myspace.com,fM1'bM5?9D+
980,kcoolicanr7,ttsarr7@themeforest.net,qM8#e9}vp
981,cbugger8,qmcalarneyr8@wordpress.org,zM7@XP@pA61OkVh'
982,cgummr9,jropkingr9@spotify.com,"zT8*6(Jc,LS@)"
983,cadlemra,ebowcockra@twitpic.com,"wV1+""rGtl=>?~."
984,vbannesterrb,mhyndesrb@utexas.edu,aS0&GbeFF
985,srodenburghrc,sscatcherrc@nih.gov,bQ8%(pP<yF!$UqJ
986,mkinkerrd,mdyersrd@opensource.org,eY1@zbFY&Z{7
987,nchrstinere,arichemontre@about.me,sR2`I8X'JN2
988,lfraperf,sogavinrf@eepurl.com,rR1%{?EWbWZM{qNi
989,rhumblestonerg,pbrydellrg@unblog.fr,gC6}+H5%7Pj
990,ggulbergrh,bvaszolyrh@paypal.com,nN3&)lBY+@TT'_i
991,hdabnotri,jwhellansri@bbb.org,uM7{`V.7N
992,acurrorj,dzanazzirj@yellowbook.com,hF8*k<)h@
993,azaninirk,jmaidmentrk@bandcamp.com,aO8``\_u
994,jbustardrl,amaseresrl@cloudflare.com,pX5\om{VjL
995,sfidlerrm,bclowserrm@hud.gov,"fL6/!""QqxLw*H"
996,pbomfieldrn,gtremontanarn@cloudflare.com,"qT4""v'n5Z"
997,bloddenro,aokenfoldro@wix.com,wH6&ckD3
998,eairesrp,tstitlerp@quantcast.com,mF8>Vi./EsURd
999,ccurryerrq,gwannellrq@cargocollective.com,cP1(>?zTx
1000,bsigartrr,lcockaymerr@cbc.ca,cT7$zq3S$%'mZb?
